school_year,total_enrollment,race_White_n,race_Black_n,race_NativeAmerican_n,race_Hispanic_n,race_Multiracial_n,race_Asian_n,race_HawaiianPacificIslander_n,race_NotAvailable_n,race_total_n,el_n,el_pct,swd_n,swd_pct,low_income_n,low_income_pct,grade_pre_k,grade_kindergarten,grade_elementary,grade_middle,grade_high,race_MENA_n
2005-2006,420925,,,,,,,,,,,,,,,,,,,,,
2006-2007,413694,,,,,,,,,,,,,,,,,,,,,
2007-2008,408601,,,,,,,,,,,,,,,,,,,,,
2009-2010,409279,,,,,,,,,,,,,,,,,,,,,
2010-2011,402681,34562.0,171462.0,1601.0,175803.0,4342.0,12999.0,407.0,1248.0,402681.0,,,,,,,,,,,,
2011-2012,404151,35528.0,168020.0,1427.0,178284.0,4390.0,13412.0,476.0,2614.0,404151.0,,,,,,,,,,,,
2012-2013,403461,36415.0,163595.0,1409.0,180274.0,4310.0,13692.0,530.0,3236.0,403461.0,,,,,,,,,,,,
2013-2014,400545,36890.0,159134.0,1277.0,181169.0,4223.0,13977.0,587.0,3288.0,400545.0,65274.0,0.163,50469.0,0.126,340468.0,0.85,,,,,,
2014-2015,396683,37444.0,155932.0,1103.0,180790.0,4202.0,14259.0,623.0,2330.0,396683.0,66381.0,0.1673,51426.0,0.1296,341243.0,0.8602,,,,,,
2015-2016,392285,37748.0,152413.0,937.0,180206.0,4192.0,14554.0,630.0,1605.0,392285.0,67326.0,0.1716,52231.0,0.1331,316731.0,0.8074,,,,,,
2016-2017,381349,37691.0,143849.0,786.0,177492.0,4163.0,14949.0,644.0,1775.0,381349.0,66204.0,0.1736,52093.0,0.1366,305900.0,0.8022,20673.0,26093.0,143864.0,81666.0,109053.0,
2017-2018,371382,37933.0,137495.0,1144.0,173790.0,4185.0,15126.0,627.0,1082.0,371382.0,67834.0,0.1827,50917.0,0.1371,288572.0,0.777,19441.0,24963.0,139096.0,80530.0,107352.0,
2018-2019,361314,38016.0,132194.0,1061.0,168888.0,4333.0,14953.0,616.0,1253.0,361314.0,69282.0,0.1918,50772.0,0.1405,276836.0,0.7662,17668.0,24128.0,132807.0,80844.0,105867.0,
2019-2020,355156,38480.0,127601.0,1054.0,165578.0,4461.0,14975.0,599.0,2408.0,355156.0,66204.0,0.1736,52093.0,0.1366,305900.0,0.8022,17492.0,24241.0,127818.0,80872.0,104733.0,
2020-2021,340658,37198.0,122116.0,996.0,159163.0,4488.0,14818.0,537.0,1342.0,340658.0,63313.0,0.1859,49655.0,0.1458,217392.0,0.6382,11494.0,21960.0,122097.0,79910.0,105197.0,
2021-2022,330411,35649.0,119025.0,859.0,153931.0,4592.0,14393.0,479.0,1483.0,330411.0,69268.0,0.2096,48749.0,0.1475,230496.0,0.6976,15430.0,21405.0,114251.0,74622.0,104703.0,
2022-2023,322106,35380.0,115332.0,806.0,149647.0,4841.0,14292.0,449.0,1359.0,322106.0,72029.0,0.2236,49347.0,0.1532,234283.0,0.7273,16403.0,20802.0,111046.0,71585.0,102270.0,
2023-2024,323251,35853.0,113197.0,827.0,151604.0,5241.0,14704.0,407.0,1421.0,323251.0,79833.0,0.247,51910.0,0.1606,228466.0,0.7068,17589.0,21233.0,112507.0,69974.0,101948.0,
2024-2025,325305,36693.0,111252.0,1029.0,153820.0,5713.0,15146.0,359.0,1235.0,325305.0,88807.0,0.273,53498.0,0.1645,232954.0,0.7161,17893.0,21047.0,115222.0,69780.0,101363.0,58.0
2025-2026,316224,37192.0,108380.0,1162.0,146862.0,6082.0,15410.0,321.0,704.0,316224.0,86172.0,0.2725,54846.0,0.1734,227119.0,0.7182,16916.0,20040.0,112298.0,68163.0,98807.0,111.0
2026-2027,304687,36955.0,104912.0,973.0,139025.0,6448.0,15190.0,288.0,738.0,304687.0,79878.0,0.2622,56124.0,0.1842,209961.0,0.6891,16730.0,18838.0,107529.0,67343.0,94247.0,158.0
